ud185,6Z7WntXays8
ud867,lzaFHmac5_k
ud954,pDJklud2grQ
ud821,S8M2XGviyGg
ud1026,L32rxpIjT1k
ud0351,dFq4BjWb0YA
ud168,6OBaNdNNxOI
ud549,82iDVtbr7cY
ud357,6iWbNWsu4kA
ud944,pg4HUMgKLxI
ud114,acF7ZPA1K7I
ud283,uwgJIJhCQks
ud1110,yyNtiUyI5Tw
ud836,QUaRaolip-U
ud803,cWOCLHmFvWw
ud404,Kq13qXdt6Nc
ud513,NKBUbUiedzc
ud401,sn_oxrr6OxA
ud243,cBk7bno3KS0
ud109,UGk5BPaytiA
cs212,49qSOQpFExQ
ud719,jTBkzBO4-qc
ud117,abDDSfoG_fI
ud120,ICKBWIkfeJ8
ud242,exjEm9Paszk
ud711,XkLcC7xWK-A
ud199,v7VNH14ASa0
ud1001,9VzWiGD3hBs
ud1038,wazAIrtfzIc
ud123,lbR82UD5F0c
ud1009,NVERoy0cZ50
ud723,49isJVLuPLw
ud827,ApEV6IupW7o
ud353,jcpfmj9TW2A
ud116,8-D8I949asY
ud281,grD5en6_IiQ
ud405,xq77QwBD3Fg
ud409,onRUvL2SBG8
ud241,uhlCmGEKb4U
ud032,UJyJm79RS88
ud1012,skg_5KxWy-k
ud1013,0vomP-81QCQ
ud088,S86QnrME6Fs
ud189,GTObrKKbRww
ud251,D3T5XPHgMk4
ud257,gR_buSP6sdw
ud262,zA5QNkJspxY
ud978,NYs17_tPn0k
ud206,-EtN5oD8MM0
gt101,wEGkk6L7yq0
ud436,F8Fw9iyrDYM
ud268,r83hFqUHkdc
ud1028,h-ulfvHzTyE
ud400,fYMQ7toJwQ0
ud810,2S4nn7S8Hk4
ud098,hl9J-MQZiyM
ud953,-bfx5wBPDXM
ud188,tn-CrUTkCUc
ud839,g34CvuW-6sg
ud600,WO3kmx4CVgg
ud198,Z8WNfx9Oq9s
ud905,c41SFEhMjNc
ud825,lv8Rcj3ViyA
ud788,QHKNpAxA4tg
ud595,8pUXAq55NoE
ud381,TMj_H4GQRUE
ud354,jcpfmj9TW2A
ud976,BouY9scXCU4
ud977,B48y5zlpLt0
ud576,rVHvjeL87rY
ud777,zYyRDFx3e28
ud1022,mh8AQ9wj2Cw
ud150,JD22hf7AGRs
ud279,dTc0Ua1OhtU
ud244,cBk7bno3KS0
ud834,LQpAmM4vznQ
ud2002,D7vrej8uLzs
ud459,05ihix-YyLo
ud256,wlVcGc1OdD8
ud325,IdN8lwFsh44
ud252,3k6GdZX-IEI
ud919,P5SOMRTgY3Q
ud250,cPlhJPPBXYw
ud270,eIqwKfQ4wmo
ud007,tawb_aeYQ2g
ud667,CbM1yFSSrEM
ud1337,ePxEAxaqIho
ud1006,MUZXLvBI2sw
ud902,LtKaoHoy3Hs
ud845,Cn0Tx2mP1wk
ud406,FSbc-nUcvrI
ud292,U0I6lP4Nj1M
ud518,4J8NRiNqSVQ
ud333,64dzkEjqjaI
ud980,NN9lbMyXjOA
ud808,PLkPvLPZtS4
ud923,ucWHKgSE9g8
ud282,sK8lJ4uI9qE
ud104,xI-lRPZniho
ud1025,8-HW3Eh574I
ud245,YzR-Iv2l8sE
ud805,JmIoSaNBPLo
ud610,2OkPvr5mFyA
ud421,occ7BKNakjU
ud110,P5JlebbqzTQ
ud061,1PVt-iZBIto
ud1031,1reb21C-aBY
ud240,uhlCmGEKb4U
ud758,GFgOezj1Joo
ud855,DU0WPupWBak
ud915,WxYy9A20c54
ud187,sf-YAUHf-IY
ud201,JyPIm-vxIKs
design101,fy-J_E55rw0
ud994,tONa6pocXoU
ud197,skSSxx2fjsI
ud1000,vdjuCcaP5HQ
ud651,YbVuN2KOlt4
ud501,s5xKxliBMTo
ud170,0ydaJl3wCkU
ud607,abXEuRLwduY
ud774,dpwTdFkHDrE
ud272,wMXY-3fJ-Rw
ud507,mfLklbVU7r0
ud888,kWLqxbciOyA
ud981,YIohCxd-yTE
ud407,VOOuww7hfdc
ud356,DDxsC03d_KU
ud388,wrKjdclSXGU
ud979,SlvB4u_cs_U
ud1011,NKBUbUiedzc
ud955,ZdAKLeuFmFI
ud1014,ive4bPJPh2s
ud989,1MxVA8y8IBA
ud330,glvbO-RcAbY
ud843,4tgJ2syEARo
ud509,rsPuayaIZ9s
ud611,pcNndIorji0
ud171,AkjMCbSvTto
ud9876,NXbUdaCHRV8
ud169,anm4RF5iD1E
ud358,5AqbmFyC1rk
ud809,kl_Hb5lzgXs
ud303,6unC6bBWuKE
ud0352,dFq4BjWb0YA
ud9011,dCpwsTGzdRA
ud001,-FGtzWQWrMs
ud806,zpdOGUIw9dA
ud299,axn-ni_NFoo
ud585,nsKJe2cfYns
ud190,SHxQtrGkP9o
ud1034,5AqbmFyC1rk